{
  "data": [
      {
          "text": "workflowfinaldev-coredev-cloud",
          "items": [
              {
                  "text": "tf-task-template",
                  "items": [
                      {
                          "text": "AURORA-tf-tenant",
                          "items": [
                              {
                                  "text": "myTemplate",
                                  "content": {
                                      "variables": {
                                          "tf_executionTimeHours": "1",
                                          "tf_queueTimeHours": "2"
                                      },
                                      "taskType": "manual",
                                      "createdById": "Account, LIMS",
                                      "taskName": "Get Weather Info 28",
                                      "templateKey": "workflowfinaldev-coredev-cloud/tf-task-template/AURORA-tf-tenant/myTemplate"
                                  },
                                  "key": "workflowfinaldev-coredev-cloud/tf-task-template/AURORA-tf-tenant/myTemplate"
                              },
                              {
                                  "text": "dv-weekend-temp-1",
                                  "content": {
                                      "variables": {
                                          "tf_startOfDay": "8:00",
                                          "tf_enforceDueDates": "true",
                                          "tf_endOfDay": "16:00",
                                          "tf_includeWeekends": "false"
                                      },
                                      "taskType": "manual",
                                      "createdById": "EM5",
                                      "taskName": "",
                                      "templateKey": "workflowfinaldev-coredev-cloud/tf-task-template/AURORA-tf-tenant/dv-weekend-temp-1"
                                  },
                                  "key": "workflowfinaldev-coredev-cloud/tf-task-template/AURORA-tf-tenant/dv-weekend-temp-1"
                              },
                              {
                                  "text": "myTemplate-01",
                                  "content": {
                                      "variables": {
                                          "a": "a"
                                      },
                                      "taskType": "manual",
                                      "createdById": "EM6",
                                      "taskName": "Scan QR code",
                                      "templateKey": "workflowfinaldev-coredev-cloud/tf-task-template/AURORA-tf-tenant/myTemplate-01"
                                  },
                                  "key": "workflowfinaldev-coredev-cloud/tf-task-template/AURORA-tf-tenant/myTemplate-01"
                              }
                          ]
                      },
                      {
                          "text": "tf-global-tenant",
                          "items": [
                              {
                                  "text": "myTemplate",
                                  "content": {
                                      "variables": {
                                          "tf_executionTimeHours": "1",
                                          "tf_queueTimeHours": "2"
                                      },
                                      "taskType": "manual",
                                      "createdById": "Account, LIMS",
                                      "taskName": "Get Weather Info 28",
                                      "templateKey": "workflowfinaldev-coredev-cloud/tf-task-template/tf-global-tenant/myTemplate"
                                  },
                                  "key": "workflowfinaldev-coredev-cloud/tf-task-template/tf-global-tenant/myTemplate"
                              },
                              {
                                  "text": "myTemplate-01",
                                  "content": {
                                      "variables": {
                                          "a": "a"
                                      },
                                      "taskType": "manual",
                                      "createdById": "EM6",
                                      "taskName": "Scan QR code",
                                      "templateKey": "workflowfinaldev-coredev-cloud/tf-task-template/tf-global-tenant/myTemplate-01"
                                  },
                                  "key": "workflowfinaldev-coredev-cloud/tf-task-template/tf-global-tenant/myTemplate-01"
                              }
                          ]
                      }
                  ]
              }
          ]
      },
      {
          "text": "blank",
          "content": {
              "variables": {
                  "tf_username": "",
                  "tf_async": "",
                  "tf_httpType": "",
                  "tf_autoExecute": "",
                  "tf_autoComplete": "",
                  "tf_successBody": "",
                  "tf_status": "",
                  "tf_password": "",
                  "tf_requestTemplate": "",
                  "tf_headers": "",
                  "tf_timeout": ""
              },
              "templateKey": "blank"
          },
          "key": "blank"
      }
  ]
}
